hours_studied,sleep_hours,class_attendance,grade
9.77,6.3,4,13.5
3.8,6.71,3,11.0
9.23,4.52,4,11.5
2.62,6.04,5,10.5
3.19,7.21,2,8.5
1.18,6.87,3,8.0
2.42,5.12,5,10.5
3.19,6.35,4,9.5
9.64,6.38,4,12.5
2.64,7.5,2,8.0
4.41,7.42,5,12.5
6.1,5.84,2,9.0
8.64,8.02,4,14.0
8.64,7.58,4,13.5
6.75,7.46,2,10.5
6.6,5.49,3,10.5
7.36,6.16,3,11.0
2.23,8.16,4,9.5
1.72,5.64,3,8.5
8.7,5.02,6,13.0
0.6,5.48,3,3.5
6.84,6.41,5,16.5
6.71,5.76,6,17.0
6.11,7.94,3,11.0
0.6,7.29,4,6.5
9.78,7.25,4,14.5
4.39,6.14,4,11.5
5.33,8.89,6,14.0
0.03,7.56,3,7.5
2.51,8.63,3,8.0
8.58,9.33,3,10.5
4.25,5.76,6,13.0
7.36,5.98,4,12.5
9.22,6.92,3,13.0
1.53,7.64,5,10.0
9.92,8.79,5,14.0
1.82,5.94,2,6.0
9.4,5.84,3,11.0
0.87,7.47,4,8.5
4.68,5.67,5,12.0
8.29,7.94,4,15.5
2.81,9.91,4,9.5
8.69,10.0,2,9.5
9.76,6.28,4,14.5
8.42,4.98,4,11.0
4.49,7.73,6,14.5
3.71,3.73,5,8.5
4.83,8.99,5,12.0
0.92,7.25,4,7.0
2.27,5.22,5,9.0
5.37,6.84,4,13.0
7.33,7.61,5,16.0
4.49,6.52,2,9.0
3.06,5.63,5,10.0
9.47,8.06,4,13.5
7.51,6.57,5,18.0
4.72,6.82,1,8.0
4.57,8.71,3,10.0
7.46,4.82,4,11.5
8.55,6.98,3,14.0
2.94,7.19,5,11.5
7.33,6.36,2,11.5
8.09,9.53,4,13.0
8.87,8.3,4,13.5
0.25,8.58,4,6.0
5.13,6.49,4,11.0
6.13,5.88,2,10.0
2.8,5.82,6,13.5
4.52,6.39,3,10.5
5.31,3.94,3,6.5
9.89,8.26,3,12.5
0.06,5.85,5,8.5
2.01,6.7,5,7.0
2.57,4.34,1,3.0
3.41,7.36,2,7.5
0.53,7.12,5,10.0
3.26,3.93,5,9.0
1.98,5.52,6,10.5
8.29,8.78,6,15.0
6.37,7.41,3,12.5
0.85,5.86,5,6.5
2.2,6.61,4,10.0
6.81,5.99,5,18.0
1.34,6.76,4,8.0
9.57,7.53,5,18.0
1.37,7.62,5,10.5
7.98,5.96,5,19.0
4.98,8.1,4,13.5
3.05,6.95,5,11.0
2.34,3.3,4,4.5
8.93,6.04,4,12.5
3.78,8.82,3,9.0
0.76,6.37,4,8.0
0.34,5.79,5,6.5
4.62,7.05,5,12.5
8.74,7.13,4,13.0
3.51,5.37,4,9.0
8.24,6.09,5,16.5
9.47,7.98,6,19.0
0.67,8.93,3,7.0
2.98,6.88,4,10.0
6.19,8.67,4,11.5
3.02,7.77,6,12.5
1.75,8.09,6,10.0
4.96,5.26,3,9.5
7.61,5.99,4,12.5
6.87,8.9,5,13.5
2.48,5.88,4,8.0
6.22,7.57,4,12.0
3.16,6.67,5,12.0
2.77,6.64,6,14.0
9.3,6.37,4,15.0
2.8,6.01,5,12.0
9.49,8.74,4,13.5
2.02,7.48,1,7.5
5.65,5.76,5,12.0
3.8,5.87,5,13.5
8.08,4.3,4,11.5
1.28,7.0,2,6.0
9.51,7.06,5,19.0
7.29,7.03,3,12.0
1.76,7.94,6,13.0
6.93,7.84,4,13.0
0.93,7.11,3,7.0
5.56,5.8,4,11.5
1.02,6.32,2,4.0
0.44,7.69,5,9.0
3.93,7.28,5,13.0
6.91,5.43,5,12.5
7.27,8.39,4,12.5
6.69,6.32,5,17.5
5.92,5.69,2,9.5
8.79,6.07,5,16.5
5.38,5.28,3,9.0
0.98,6.39,5,9.5
1.41,8.54,6,11.5
9.62,5.48,2,11.5
7.98,7.83,3,13.5
0.07,6.2,5,8.0
9.46,7.9,5,18.5
6.55,6.92,5,17.0
9.11,6.82,3,12.0
1.53,7.9,5,8.5
5.89,8.74,4,13.0
5.04,5.76,5,12.0
1.74,7.65,5,10.5
0.63,7.17,6,10.5
6.65,5.58,6,15.5
0.32,6.05,3,7.5
2.38,6.62,5,12.0
5.15,4.56,5,11.5
6.02,7.76,5,17.0
2.83,6.96,4,10.5
8.43,5.28,5,13.5
8.95,6.98,4,13.5
7.23,5.95,5,17.5
9.27,8.43,5,17.0
0.59,6.96,6,9.5
0.5,7.63,4,6.5
1.24,6.91,4,8.0
1.22,8.09,4,8.0
5.31,6.8,3,11.0
9.13,7.75,6,20.0
1.82,7.62,4,10.0
9.91,7.45,5,17.5
8.8,6.87,6,20.0
3.23,8.02,3,8.5
1.91,5.65,4,9.0
4.97,6.72,2,10.5
3.14,6.73,4,9.5
0.3,7.53,6,9.5
0.93,7.08,5,8.0
5.89,7.02,6,16.5
6.34,7.7,3,12.0
9.66,8.32,4,14.5
0.15,4.6,4,6.0
7.33,6.13,0,8.0
6.33,6.9,5,17.0
5.02,9.71,6,13.5
1.21,6.72,4,6.5
8.58,7.02,5,19.0
7.02,6.57,4,13.5
5.69,7.82,4,12.5
9.81,5.94,5,18.0
0.9,5.75,4,8.0
7.27,7.64,4,13.0
4.89,8.36,2,9.5
2.8,7.05,3,9.5
8.85,6.61,3,13.0
8.08,8.76,3,12.5
4.39,5.33,5,11.5
6.42,7.61,4,14.0
6.31,4.88,3,9.0
0.08,8.0,6,10.0
2.22,7.32,5,10.5
2.17,5.86,4,8.5
2.2,6.68,3,9.5
7.41,7.01,4,13.5
9.42,7.0,3,13.5
2.66,5.93,5,11.0
7.47,5.76,4,11.5
0.02,7.07,3,5.0
8.09,8.14,5,17.5
8.07,7.36,4,13.0
0.55,6.02,4,7.5
0.99,6.13,3,8.5
5.53,8.01,6,14.5
7.63,6.61,1,9.5
7.31,10.0,5,13.0
6.82,6.44,3,11.0
7.63,6.05,4,12.5
5.99,6.0,5,13.0
2.35,5.27,5,10.0
0.28,9.21,2,4.5
9.12,10.0,4,12.5
4.14,5.77,6,11.5
7.23,7.03,5,16.5
2.66,7.33,4,10.5
9.8,7.43,5,18.0
1.78,7.15,4,8.5
0.47,6.87,5,7.5
4.94,6.86,4,12.5
3.71,4.67,5,9.5
6.56,7.85,3,12.5
0.0,8.16,5,7.5
1.43,10.0,2,6.0
8.59,5.68,1,7.0
6.83,4.75,6,11.5
3.32,7.15,5,12.0
0.25,6.32,4,6.5
0.42,9.35,5,7.5
3.9,4.44,5,10.0
9.43,6.4,5,16.0
9.19,7.26,4,14.5
3.15,7.48,2,9.0
3.72,5.4,5,9.5
2.67,8.67,6,12.0
1.42,8.4,4,9.0
5.92,8.27,6,14.5
4.63,6.85,3,10.0
8.35,6.5,5,18.0
4.95,6.28,5,13.0
0.18,8.28,4,7.0
4.38,6.11,4,13.0
1.34,7.23,3,7.0
3.32,7.39,6,12.5
5.01,7.52,2,9.5
5.43,8.08,3,10.5
6.95,7.03,1,9.0
9.64,6.2,2,11.0
3.75,7.11,2,7.5
7.55,5.46,6,13.0
5.28,7.91,3,11.5
8.65,6.04,6,16.5
5.61,8.44,4,11.5
3.82,8.33,3,9.5
5.0,6.6,4,10.5
5.3,7.54,5,13.5
9.86,7.18,6,18.0
0.61,6.12,5,8.5
0.45,7.28,4,8.0
1.94,6.97,2,7.5
0.04,7.98,5,7.0
1.06,5.88,3,7.5
3.94,8.16,5,11.5
2.05,9.28,1,6.0
4.82,8.45,5,11.5
8.45,5.98,5,18.5
6.38,7.27,5,18.0
7.67,5.99,4,12.5
8.31,6.43,5,16.5
1.27,6.66,4,6.5
0.44,8.85,3,6.0
4.48,4.39,3,9.0
4.67,5.21,3,10.0
9.6,7.13,6,20.0
2.58,4.73,3,6.5
4.44,5.49,4,9.5
5.59,6.91,5,13.5
8.5,5.96,4,13.5
1.25,8.89,3,6.5
9.29,4.67,4,11.0
5.8,7.75,3,10.0
4.63,7.19,4,10.5
4.43,5.08,4,10.5
0.5,7.82,5,5.5
2.75,6.97,4,11.5
6.2,6.29,2,10.0
9.19,7.25,4,12.5
9.21,7.24,4,16.5
2.56,6.09,5,11.5
5.36,8.79,4,12.0
3.06,7.56,4,12.5
3.68,6.63,5,12.0
3.51,6.07,5,11.5
4.33,7.4,5,12.0
0.03,7.65,5,8.0
4.55,6.77,3,11.0
3.14,5.15,4,9.0
2.64,5.15,5,11.0
5.72,7.37,5,14.5
4.91,10.0,4,10.5
7.2,8.93,6,14.0
4.64,9.34,5,13.5
8.51,6.08,4,13.0
7.88,6.84,3,14.0
5.41,6.78,2,11.0
9.46,5.5,5,12.5
6.46,6.07,4,12.5
4.21,8.99,6,14.0
2.26,5.81,4,9.0
1.62,5.17,5,8.5
3.55,9.28,6,10.5
2.46,6.61,6,10.0
4.68,4.76,5,11.5
7.76,8.76,4,12.5
0.39,7.03,5,10.0
7.82,7.46,5,16.5
1.68,7.41,4,8.0
5.89,8.28,4,15.0
0.04,7.02,3,6.5
8.33,8.3,5,17.0
7.18,5.46,4,12.5
1.78,8.11,4,9.5
9.19,7.98,4,14.0
3.53,8.29,6,13.0
6.12,5.63,4,11.5
2.16,6.06,5,10.0
4.99,6.4,5,12.0
6.83,6.88,3,13.5
1.98,5.67,3,8.0
3.26,8.47,5,10.5
4.34,6.29,5,13.0
5.55,4.72,4,10.0
2.91,5.67,5,11.0
4.73,5.86,4,11.0
1.04,4.62,4,7.5
4.38,8.42,5,11.5
0.21,6.47,3,6.0
1.79,6.38,1,6.0
9.13,4.79,4,9.5
2.07,8.45,4,8.5
3.64,6.67,4,11.0
1.81,8.18,5,10.0
5.85,7.33,6,14.5
5.88,8.23,4,14.0
8.93,4.77,4,11.5
7.33,7.76,5,17.0
9.44,5.39,3,10.5
1.95,6.48,4,9.5
2.41,7.37,4,10.0
8.66,7.44,4,13.0
8.7,5.41,5,13.5
1.34,5.79,5,9.0
3.63,6.98,3,10.5
0.14,7.47,4,6.5
2.34,5.28,4,8.5
3.46,6.19,5,11.5
3.09,5.84,5,11.0
1.21,4.67,3,5.0
9.53,6.26,5,16.5
3.58,7.06,3,11.5
4.73,6.91,6,13.0
6.95,9.32,6,13.0
8.15,7.08,4,14.0
8.89,6.8,5,17.5
5.88,8.17,6,14.0
8.84,7.63,4,14.5
5.54,7.39,6,15.5
7.96,3.96,3,9.0
2.42,7.13,5,10.0
7.49,9.27,3,11.5
2.59,5.26,2,6.0
5.77,6.27,5,13.0
9.36,6.17,5,16.5
6.14,5.72,4,12.0
0.71,7.61,4,7.5
8.93,7.23,5,19.0
5.2,5.38,5,10.5
0.84,7.24,6,11.5
3.74,5.89,5,12.0
7.33,7.5,5,18.0
0.93,10.0,5,7.0
6.68,6.09,3,10.5
9.96,7.45,4,14.0
1.89,8.92,4,7.5
6.38,6.56,5,18.0
9.24,4.84,5,13.0
8.12,6.64,5,17.0
2.35,8.92,4,8.5
6.6,7.37,2,10.5
8.74,8.13,4,11.5
6.8,7.19,5,16.5
1.73,6.67,3,8.5
8.23,8.7,4,12.5
8.42,5.5,3,12.0
8.75,8.2,5,18.5
1.22,4.27,5,6.0
3.88,7.57,5,12.0
5.25,7.19,3,11.0
1.27,5.94,6,11.0
3.95,6.51,5,13.0
9.16,6.43,4,13.0
7.55,5.45,4,12.5
0.63,7.59,3,6.5
7.34,5.48,5,13.0
5.34,7.39,4,12.0
9.76,4.93,6,12.5
6.89,8.71,5,13.5
9.89,7.24,4,14.5
3.96,5.38,4,11.5
7.83,5.47,4,13.0
8.04,6.47,4,12.5
1.32,9.29,5,8.0
1.95,7.24,4,8.5
5.53,6.4,4,11.0
8.16,9.28,4,12.0
2.57,9.05,6,10.5
0.2,6.78,4,8.5
3.03,7.11,4,8.5
3.64,6.91,4,10.5
6.09,8.2,5,14.5
1.88,9.19,5,10.5
2.6,6.01,5,10.0
6.22,7.58,4,13.0
1.32,6.05,6,9.5
4.16,8.52,3,9.0
4.29,6.62,4,11.0
1.3,7.63,4,7.0
1.47,4.89,4,8.0
3.94,7.81,3,10.0
7.39,7.46,4,16.0
6.4,8.96,6,14.0
7.92,6.23,6,18.0
6.55,7.2,5,18.0
0.49,5.86,4,8.0
8.02,8.05,3,12.5
2.97,5.85,5,11.0
4.15,8.41,3,10.5
2.24,6.71,5,12.0
7.24,6.4,4,13.0
8.02,6.56,5,18.0
8.59,5.96,4,12.5
2.57,7.76,4,10.5
6.13,5.37,5,13.5
3.25,5.02,4,9.0
8.21,7.13,4,12.0
1.3,8.22,5,9.5
7.82,9.42,3,10.5
5.63,9.55,5,12.0
2.06,5.3,5,8.5
0.36,7.69,4,6.5
0.97,7.15,5,9.0
8.75,4.94,4,12.0
7.25,6.88,1,11.0
7.57,9.62,4,10.5
5.49,8.39,5,14.0
3.85,4.94,4,9.5
3.96,4.73,5,10.0
0.59,4.68,4,7.5
6.06,6.32,3,11.0
6.78,7.47,0,7.5
1.07,7.04,6,11.0
8.26,7.4,5,16.5
6.87,7.9,4,12.0
9.47,7.5,4,16.5
9.56,6.26,5,18.0
8.36,6.03,3,11.0
5.02,5.44,5,10.0
4.18,8.69,5,12.0
0.14,6.01,4,6.5
3.74,6.71,4,11.5
1.32,7.71,5,10.0
0.29,7.07,5,8.0
6.18,5.73,6,18.0
5.95,9.14,4,10.5
7.26,6.69,5,17.5
5.97,10.0,3,10.0
5.46,8.52,5,13.0
5.77,4.18,6,12.5
4.26,4.39,3,9.5
8.41,7.95,4,13.0
0.7,7.3,4,8.0
0.38,5.51,6,9.5
0.25,7.3,3,5.5
4.66,8.49,6,14.0
7.1,3.38,6,11.0
7.72,9.35,5,13.0
5.6,7.26,5,15.0
8.18,7.04,4,14.5
8.15,6.21,4,14.5
2.0,8.01,5,10.5
2.17,7.39,3,8.5
8.6,9.37,2,10.0
9.97,7.21,2,12.5
2.0,6.73,5,10.0
6.03,7.87,4,11.5
2.7,4.9,6,8.5
5.46,7.53,5,14.5
9.35,7.48,5,20.0
2.19,9.51,5,9.0
0.5,8.37,3,6.0
5.8,7.31,5,14.5
8.34,6.69,3,12.0
5.37,6.56,4,12.5
5.75,5.44,5,12.0
6.22,5.68,4,11.5
4.87,5.83,4,11.5
0.69,4.68,6,9.5
4.89,7.44,4,10.5
5.96,7.61,3,10.0
0.57,7.15,4,8.0
6.67,8.02,2,12.5
7.86,6.38,5,18.0
9.35,8.62,4,14.5
7.15,6.53,4,11.5
9.03,6.48,4,13.5
8.45,5.24,3,11.0
6.97,8.66,5,15.0
3.3,7.48,4,11.0
0.57,7.65,3,6.0
9.75,8.32,5,18.0
6.29,6.82,2,9.5
9.5,6.51,4,15.5
1.57,8.22,4,9.0
2.22,7.05,5,11.0
5.69,7.93,4,11.5
2.84,7.15,6,13.5
0.22,9.09,4,5.5
6.56,6.78,6,18.0
1.94,7.49,5,11.0
8.54,4.25,3,8.5
1.04,8.02,4,8.5
3.43,7.08,6,12.5
3.18,6.54,5,12.0
2.67,4.85,4,7.5
5.6,7.6,4,13.0
5.36,8.06,6,14.0
0.91,7.66,6,9.5
3.89,9.36,3,9.5
4.61,6.47,4,11.5
8.66,4.5,5,12.0
7.81,6.59,2,11.5
8.24,7.72,3,12.5
6.17,7.03,6,17.5
5.11,6.89,4,12.0
9.45,7.63,3,12.5
4.96,5.51,4,11.5
4.73,7.84,4,12.0
5.77,8.52,5,13.0
3.03,7.3,4,9.0
8.83,6.87,4,13.5
5.23,8.31,5,14.0
5.51,7.89,3,10.5
2.2,9.42,3,6.0
5.48,6.8,3,12.0
5.22,7.9,2,9.0
2.44,7.13,6,12.0
4.28,5.38,5,11.5
0.98,7.0,3,8.0
2.21,5.41,3,8.5
9.11,5.85,4,12.5
8.78,6.69,5,17.0
8.3,7.59,4,13.5
7.21,8.04,5,17.5
3.24,7.57,3,9.5
0.76,8.58,5,9.0
7.29,5.91,4,13.5
1.76,5.9,5,8.0
6.95,7.01,3,12.0
7.74,8.07,5,17.5
3.79,6.58,5,13.0
0.53,6.29,4,7.5
6.28,7.05,5,17.0
4.18,5.87,3,10.0
0.62,8.19,4,7.0
3.99,6.72,3,10.5
9.26,6.58,6,19.0
2.1,5.15,5,9.0
8.62,5.96,4,12.5
4.72,7.81,4,10.5
6.2,6.72,3,13.0
2.74,6.61,5,13.0
3.48,7.45,4,9.5
0.63,10.0,4,6.0
0.89,7.09,3,6.5
5.09,5.65,5,13.0
2.52,6.36,4,10.5
7.68,7.13,5,17.0
3.48,5.52,1,6.0
8.67,5.73,4,12.0
8.21,6.85,4,13.5
2.16,7.68,4,12.0
1.17,7.17,5,10.5
3.23,7.24,5,11.0
5.59,6.49,4,12.0
8.49,3.41,6,9.5
9.79,5.32,6,14.0
7.86,5.98,4,13.5
3.28,6.96,5,13.0
9.78,6.15,4,13.5
9.0,5.64,4,11.5
5.17,5.95,4,11.0
3.91,3.33,3,7.0
3.75,7.54,5,12.5
9.84,6.8,2,13.5
3.92,6.06,5,12.0
6.44,6.54,3,13.0
1.21,8.25,5,9.5
1.13,7.78,4,8.5
7.27,5.08,4,9.5
8.72,6.96,4,14.0
5.61,7.03,3,12.0
8.5,5.77,4,12.5
0.05,7.52,4,8.0
3.77,6.73,4,10.5
0.28,7.9,4,6.5
3.9,8.14,4,10.5
3.12,6.73,6,12.0
3.61,6.55,5,13.0
1.53,6.96,5,10.0
7.47,5.15,4,10.0
9.95,8.11,5,18.0
0.04,6.33,3,7.0
6.44,8.43,2,9.5
3.3,6.32,4,9.5
5.43,3.77,2,5.5
4.24,6.95,4,12.5
9.69,6.24,4,12.5
1.99,7.55,4,9.0
6.04,4.1,5,11.5
7.25,6.22,6,18.0
1.31,9.23,4,7.5
6.81,7.8,5,18.5
8.27,5.9,5,16.0
4.42,9.01,4,11.5
0.95,6.96,4,8.5
1.27,5.05,5,9.5
4.75,10.0,4,10.0
7.3,8.57,4,13.5
6.24,7.56,6,18.0
1.04,8.58,5,10.0
3.33,7.99,5,12.0
2.86,9.11,5,10.0
3.46,5.24,6,11.0
1.16,8.98,4,6.5
5.0,6.01,5,13.0
3.47,5.02,6,10.5
7.24,7.06,3,12.5
0.86,9.95,5,7.0
1.98,7.38,6,12.0
0.46,6.42,4,6.5
3.64,6.35,5,12.0
7.9,9.43,4,13.0
1.25,6.4,5,10.5
4.21,5.47,3,9.0
6.81,6.24,3,13.0
1.44,5.9,6,10.5
0.18,6.66,5,9.5
0.19,3.35,4,3.0
5.73,5.62,4,11.0
2.89,5.61,3,8.0
6.72,7.37,4,15.5
2.09,7.55,4,8.5
5.1,7.47,6,14.0
8.93,8.29,4,13.0
5.94,5.27,5,13.0
6.33,8.05,4,13.5
9.55,7.64,5,19.0
3.44,7.17,3,10.0
4.49,5.28,5,12.0
6.45,6.19,4,13.0
4.62,6.55,1,9.0
5.9,6.03,4,12.5
0.05,7.06,4,7.0
5.43,9.56,5,13.5
2.56,5.36,3,8.0
3.7,3.98,5,9.0
7.88,5.26,6,14.5
3.28,4.8,3,7.0
8.67,6.29,4,13.0
6.8,5.77,5,17.0
7.52,9.61,5,11.5
6.17,6.81,5,17.5
9.75,9.23,4,12.5
9.1,8.09,4,12.5
8.9,4.53,5,12.0
7.59,6.53,2,11.0
0.43,5.08,3,6.5
0.36,6.55,4,7.0
8.08,9.36,2,11.0
9.78,6.47,6,18.5
6.59,8.02,2,11.0
3.89,5.05,4,9.0
6.37,6.6,4,12.0
1.9,9.68,6,9.0
4.1,5.35,6,12.5
3.71,7.48,4,11.5
2.85,5.26,4,10.5
1.66,6.88,4,8.0
9.38,5.4,3,11.0
9.92,9.18,3,12.5
5.61,4.44,2,8.5
5.58,5.94,5,12.5
9.62,7.42,5,17.5
6.8,6.96,5,17.0
0.49,4.96,4,5.5
2.88,6.18,6,11.5
4.03,6.83,5,12.5
3.93,6.43,6,13.5
2.2,6.31,4,9.5
3.93,7.12,3,9.5
7.12,5.06,5,12.5
7.92,7.5,2,12.0
8.7,5.15,4,14.0
1.83,4.89,5,8.0
4.3,7.45,5,14.0
1.5,6.82,3,9.0
2.76,4.58,3,5.5
0.6,6.45,5,9.0
6.33,8.39,5,18.0
2.93,5.56,2,6.5
9.01,7.6,4,14.5
2.9,5.69,3,9.0
0.84,6.89,4,8.0
4.49,7.57,4,12.5
2.1,9.53,3,8.0
6.19,8.83,4,12.0
5.37,8.42,6,13.5
9.26,5.89,2,11.5
3.23,7.74,5,11.0
7.48,8.69,5,12.5
7.98,6.87,5,17.0
0.51,6.71,3,7.5
2.6,8.01,4,10.5
7.43,5.21,3,9.5
6.42,7.96,5,17.0
6.71,9.69,5,13.0
4.23,6.61,3,9.5
0.49,7.21,5,9.5
2.28,2.81,4,4.0
4.75,8.37,2,9.5
4.05,8.88,4,10.0
8.5,4.88,5,11.5
8.53,7.7,5,18.0
9.53,4.86,3,11.5
9.89,8.0,3,11.5
8.87,4.43,5,10.5
6.41,7.17,4,12.5
4.72,8.99,5,11.5
1.91,6.5,2,7.5
0.78,7.3,3,6.5
5.74,8.43,5,11.5
6.69,6.48,3,13.0
6.17,3.16,5,9.0
0.85,6.37,6,11.0
8.19,7.08,5,18.0
0.35,8.76,5,8.0
5.6,6.39,5,11.5
1.06,3.97,4,5.5
9.99,5.72,5,17.0
6.25,6.15,5,17.0
2.98,7.03,4,10.0
8.74,7.38,3,14.0
6.8,7.62,4,12.5
2.56,5.58,2,6.5
8.84,7.37,6,19.5
9.78,4.93,4,13.5
5.37,8.34,4,12.0
6.25,6.31,5,16.5
4.34,6.68,5,14.0
0.9,7.22,5,9.5
8.69,7.08,3,13.0
1.41,4.44,3,7.0
6.64,5.17,5,12.0
4.56,5.82,3,10.0
2.63,4.4,4,8.5
7.37,10.0,4,11.5
8.29,7.31,4,13.0
8.18,3.53,3,8.0
1.98,7.73,5,10.0
5.58,6.98,5,12.0
1.67,7.02,4,9.5
7.5,8.78,4,12.5
2.67,5.7,5,9.0
8.74,5.23,5,12.5
0.07,7.29,4,7.0
1.26,6.85,5,10.5
1.02,6.14,2,6.5
2.58,4.45,4,10.0
5.83,6.38,4,13.5
8.37,7.69,4,12.5
6.38,7.7,4,12.5
6.91,7.45,5,16.5
1.08,5.24,3,7.0
2.1,7.69,3,8.0
8.15,7.03,5,17.5
6.91,8.67,5,13.5
9.44,7.28,3,13.5
1.59,7.95,4,9.5
1.32,7.08,3,9.0
2.62,4.05,3,5.5
7.94,7.03,5,17.5
5.08,6.34,4,12.0
6.16,7.2,5,16.0
1.74,6.64,5,10.5
6.05,6.73,2,11.0
5.56,7.87,4,12.5
6.75,6.64,4,14.5
4.42,9.32,5,12.5
6.42,5.62,5,14.0
4.25,5.52,6,11.5
5.59,7.6,3,12.0
2.51,7.49,5,12.5
0.43,6.52,5,8.0
1.81,7.6,2,6.5
1.95,5.68,4,8.5
0.75,6.74,5,9.5
9.13,4.59,4,11.5
1.41,7.84,5,9.0
8.79,4.98,6,14.0
9.46,7.11,4,13.5
8.86,4.97,5,13.0
9.91,6.06,3,11.0
8.65,7.7,4,14.0
7.06,5.83,3,12.0
8.16,6.55,3,13.0
3.69,6.19,4,12.0
3.0,7.99,5,11.5
8.63,6.83,2,10.5
5.94,8.86,5,15.0
0.71,7.67,6,10.5
5.04,6.03,4,10.0
4.64,6.77,2,8.0
9.8,6.13,5,17.0
5.6,5.76,4,12.5
9.12,7.78,5,18.5
0.51,9.19,4,8.5
2.86,6.85,5,11.5
6.43,6.08,6,17.0
6.08,5.54,4,11.0
6.78,5.93,5,16.5
1.56,6.93,2,6.0
3.39,6.88,6,12.0
7.75,6.52,5,16.0
0.68,6.16,4,5.0
2.48,7.23,6,13.0
4.94,7.38,4,11.0
1.24,7.96,3,6.5
1.36,6.68,5,9.0
6.21,8.26,6,17.5
5.08,5.89,5,13.0
3.03,5.44,5,9.0
7.07,6.72,4,13.0
4.18,5.52,4,9.5
1.39,5.17,4,8.0
5.13,7.35,5,13.0
1.1,9.68,4,7.0
9.92,8.0,5,19.0
6.33,6.08,2,9.5
1.58,6.48,2,8.0
5.76,8.76,5,12.0
3.62,9.25,4,10.5
7.49,7.5,4,12.5
9.1,6.24,3,11.0
5.66,9.36,6,12.5
4.09,5.78,2,9.0
1.3,8.78,4,7.0
2.77,5.89,5,10.0
5.06,6.71,5,12.5
2.88,6.76,2,7.0
2.69,6.1,3,8.5
3.96,8.72,5,13.0
2.03,7.03,4,10.0
3.85,8.38,3,8.5
6.82,7.19,5,16.0
7.47,7.85,5,18.0
0.28,5.95,5,8.5
7.84,6.6,3,12.0
8.04,8.11,2,10.5
6.09,5.94,4,12.0
3.95,6.64,4,12.5
8.8,9.57,6,15.5
1.17,5.77,3,7.0
7.91,7.0,4,14.0
7.56,6.94,6,18.5
8.35,8.09,5,17.5
7.47,10.0,4,11.0
1.12,6.12,2,7.0
0.25,5.61,4,6.5
7.43,6.63,3,12.5
6.96,7.41,2,11.0
5.37,6.98,5,13.5
1.27,6.64,5,9.5
1.91,4.61,5,9.5
5.2,5.92,5,12.5
6.94,7.31,5,17.0
9.67,7.19,2,13.5
6.21,6.24,5,16.5
8.81,4.57,3,10.0
8.19,7.79,4,14.0
0.72,7.09,3,7.5
7.49,3.87,5,11.0
9.17,9.03,3,13.5
8.88,6.53,3,12.0
6.62,7.99,3,10.5
5.56,7.71,3,11.0
5.27,9.68,4,12.0
5.93,5.43,2,9.0
3.43,7.17,4,10.0
7.03,8.32,5,16.5
7.65,4.18,5,11.5
2.7,5.89,6,11.0
3.11,5.12,6,13.0
3.21,6.82,4,10.0
7.11,7.64,2,11.0
6.33,5.99,4,11.0
5.41,6.8,3,11.0
8.11,4.54,4,10.0
0.46,7.92,2,4.0
3.13,8.27,4,9.5
9.89,6.55,4,12.0
1.45,6.19,4,9.0
9.0,7.73,4,14.0
7.06,8.63,4,13.0
3.98,6.53,5,13.0
4.63,6.25,4,10.5
5.67,6.91,3,12.0
8.14,7.59,4,13.5
4.08,7.43,5,12.5
0.74,7.86,3,7.5
8.92,8.67,4,13.5
0.47,5.94,4,8.5
7.73,8.95,2,10.5
8.48,5.8,4,12.5
7.52,6.56,4,12.5
2.83,8.55,3,10.0
0.06,7.19,5,6.5
5.28,3.85,4,8.5
4.08,5.56,6,13.5
3.71,4.17,5,11.0
0.36,6.36,4,8.0
4.88,7.1,4,13.0
9.49,6.58,6,19.5
6.22,7.15,3,10.5
4.11,7.08,5,12.5
1.55,7.75,6,10.5
6.92,6.16,5,16.5
5.77,7.43,6,14.0
9.18,5.37,5,14.0
3.36,8.0,4,9.5
4.12,7.34,3,10.0
1.75,7.51,4,9.0
5.64,10.0,4,12.0
9.98,6.27,4,13.5
2.01,7.79,5,10.5
1.34,9.46,6,11.0
1.4,6.69,5,9.5
3.26,9.51,5,10.0
9.07,6.43,6,17.0
3.31,6.33,4,10.0
4.6,7.41,4,11.5
9.45,6.03,3,13.5
3.82,8.18,6,12.0
4.21,6.7,4,11.5
9.45,9.22,4,13.5
2.8,6.32,5,10.5
1.88,8.63,3,8.5
7.29,7.73,5,18.0
4.13,9.47,5,10.5
5.78,9.44,4,12.5
9.58,5.57,5,17.5
7.61,7.76,6,19.5
4.54,5.44,5,11.5
1.42,8.28,6,9.0
8.45,6.22,3,13.0
5.93,7.85,1,6.5
0.87,8.87,4,6.5
9.69,7.16,3,13.5
3.87,6.8,6,13.5
0.36,7.41,4,9.0
9.45,5.45,5,15.0
6.14,7.12,2,10.5
4.54,7.14,4,11.5
4.58,7.7,4,12.0
9.54,7.58,4,13.5
3.0,8.32,2,10.0
3.56,7.62,4,11.0
1.51,5.94,4,7.0
2.34,7.47,5,12.0
0.47,7.62,5,8.5
3.49,5.64,5,11.5
7.86,6.37,5,17.5
4.63,7.48,5,12.5
5.07,6.63,3,10.0
6.71,5.23,5,13.0
4.43,7.45,3,11.5
2.03,7.03,6,11.0
8.91,4.79,5,11.5
6.36,5.49,5,15.0
8.57,7.01,4,14.5
5.96,7.61,5,13.0
4.82,3.69,2,4.5
8.83,4.98,6,13.5
0.17,6.71,4,6.5
9.4,5.78,4,14.0
1.75,8.18,4,10.0
0.81,6.01,5,10.0
2.67,7.82,6,12.5
6.87,5.58,4,12.0
6.4,5.63,5,15.0
8.81,8.73,5,15.0
1.06,6.23,4,7.5
1.65,7.52,4,7.0
0.52,9.34,3,5.0
9.09,5.69,2,10.0
4.97,6.11,6,14.0
3.1,6.93,5,12.0
1.67,7.54,6,10.5
9.72,5.05,6,14.0
5.96,6.38,3,11.0
6.12,8.82,5,15.0
6.84,9.55,5,11.0
0.71,9.26,1,1.5
7.58,8.39,3,11.5
3.13,7.69,3,10.0
6.31,5.58,4,12.5
1.18,9.12,3,7.0
7.69,4.01,2,8.5
9.64,4.49,3,9.5
4.49,5.65,4,10.5
6.29,5.38,4,10.5
1.58,7.9,4,9.5
8.32,6.7,5,19.0
5.15,5.52,6,13.0
5.71,7.21,6,15.0
2.28,8.65,6,11.5
2.51,7.75,5,9.5
1.29,8.2,6,10.0
5.33,8.6,4,10.5
6.54,6.02,6,16.5
5.41,4.77,3,9.0
6.87,9.19,3,9.5
8.58,8.33,4,13.5
6.86,10.0,4,13.5
5.1,6.2,4,11.5
8.01,6.69,4,14.0
0.06,7.3,2,5.0
3.0,8.82,4,9.0
9.52,6.59,4,13.5
5.89,6.39,6,14.5
8.23,8.21,5,16.0
4.51,8.36,3,9.0
9.69,7.37,3,14.0
8.59,5.32,5,12.0
1.86,7.56,6,11.0
2.47,9.24,4,7.5
3.28,5.24,5,10.5
6.3,7.38,4,15.0
3.47,7.14,2,6.5
3.5,5.69,5,10.5
1.3,6.9,4,9.5
2.66,7.08,5,12.0
1.5,8.39,4,9.0
4.18,7.28,3,11.0
5.96,8.44,3,10.5
4.45,7.14,5,13.5
8.71,5.85,5,19.0
9.72,5.01,4,12.0
8.34,6.12,4,13.0
4.1,6.29,5,12.5
3.55,4.86,4,7.5
6.36,6.23,4,13.0
6.23,9.01,4,11.0
6.29,5.73,3,9.5
2.85,6.27,5,10.0
3.29,5.53,4,10.0
8.22,7.49,4,14.0
6.85,5.7,4,13.0
1.91,6.14,5,9.5
7.74,7.84,5,18.0
5.18,6.07,5,12.5
7.43,7.3,4,15.5
4.48,5.88,5,11.0
2.08,7.17,5,10.0
6.81,8.58,5,14.0
8.3,7.25,2,12.5
5.26,9.86,5,12.0
8.85,7.99,6,19.5
9.81,5.93,5,17.5
6.28,6.22,3,11.5
8.12,5.79,4,12.0
8.7,6.95,3,13.5
9.33,8.58,4,14.5
5.09,5.82,4,10.5
8.65,8.45,5,18.5
3.1,7.06,4,11.5
1.37,6.79,5,11.5
8.7,9.08,6,16.0
3.87,6.17,3,10.0
4.33,6.14,4,11.0
3.24,6.88,4,11.5
9.04,7.33,6,17.0
0.14,6.84,3,6.5
4.99,7.46,5,13.5
4.92,4.37,5,11.0
9.81,7.13,4,12.5
9.05,7.0,5,18.0
7.54,6.9,4,13.0
2.81,6.85,3,9.5
7.53,8.23,3,11.5
4.24,8.03,3,11.5
2.81,7.6,3,9.5
5.99,8.62,4,11.5
8.93,5.0,4,11.0
5.18,6.5,5,13.0
8.11,6.43,6,18.5
5.19,7.18,4,12.0
2.38,5.86,5,10.5
8.02,7.01,6,19.0
9.51,8.74,4,14.0
5.11,6.71,4,11.5
0.05,6.59,5,7.0
5.83,4.67,6,11.5
0.02,7.96,4,8.0
0.31,5.7,6,10.0
6.79,6.99,4,13.0
3.34,9.13,5,9.5
3.37,7.76,4,9.0
6.29,5.48,3,8.5
0.53,8.62,5,8.5
9.97,5.35,5,14.5
1.46,6.63,5,11.0
7.71,6.33,5,15.5
9.01,5.75,4,12.0
6.57,5.61,5,18.0
6.43,5.9,5,15.0
8.99,6.35,5,19.0
1.24,7.98,3,5.5
6.6,5.94,3,11.5
3.91,7.34,5,12.5
7.49,8.74,6,15.5
5.35,8.38,4,12.5
5.31,7.98,5,13.5
9.06,6.69,4,13.5
2.04,7.29,3,10.0
8.04,4.46,4,12.0
1.31,7.86,2,5.0
5.87,6.12,3,9.5
2.45,8.38,6,11.5
1.85,4.0,5,8.5
9.97,7.46,5,18.0
5.39,6.72,4,11.5
8.71,5.43,4,12.5
7.25,9.02,4,11.5
7.55,7.95,5,17.0
6.54,5.15,3,10.5
3.87,8.21,6,12.0
2.62,5.94,4,10.0
4.19,6.92,4,11.5
5.76,5.35,3,10.0
8.59,6.74,5,17.0
8.78,8.68,4,13.5
3.99,5.95,5,10.5
0.09,10.0,6,8.0
4.1,7.28,5,13.0
5.37,6.84,3,12.0
5.01,6.4,5,12.5
0.91,6.03,4,8.5
8.66,9.36,4,11.0
6.64,5.29,5,11.5
9.07,8.74,6,15.0
5.54,6.94,5,13.0
7.67,5.27,6,15.0
1.32,8.16,5,9.5
3.56,6.26,6,11.5
0.57,5.95,5,8.0
5.75,8.14,5,13.5
6.25,6.94,4,12.5
3.26,7.98,4,10.5
3.61,8.4,5,11.0
4.18,7.86,5,13.0
2.15,7.4,5,11.0
7.75,6.19,4,12.5
4.97,7.24,5,13.5
2.94,6.34,5,10.5
7.97,7.2,4,13.5
9.06,4.98,2,9.5
6.93,8.3,5,15.0
3.48,5.43,4,10.0
6.1,5.27,6,14.5
3.51,7.36,6,14.0
6.25,8.31,3,13.5
2.61,6.1,3,9.0
1.71,7.14,4,9.5
5.69,6.2,4,11.0
3.82,6.71,4,9.5
0.9,8.14,5,8.5
3.6,7.97,4,10.0
6.31,5.58,5,15.5
8.85,6.84,5,17.5
9.12,4.18,3,9.5
8.6,7.3,5,19.0
9.78,6.23,6,17.5
2.9,6.65,2,9.5
9.46,6.22,3,13.5
4.65,6.93,4,12.5
3.57,6.66,4,12.0
3.69,9.13,3,9.5
9.68,6.07,6,18.0
9.92,7.88,4,14.0
9.7,7.03,3,11.5
7.85,3.87,5,12.0
0.04,7.94,4,6.0
2.71,4.68,4,8.0
4.94,5.91,4,11.5
3.49,7.67,6,14.5
2.68,5.31,5,11.0
9.39,7.57,5,17.0
4.16,5.9,3,11.0
3.23,6.34,2,8.0
6.45,8.16,6,17.5
3.29,4.96,3,8.5
9.09,7.87,5,18.5
6.36,6.43,4,14.5
3.38,7.13,3,9.0
0.61,6.87,5,8.0
1.11,7.75,4,8.5
6.39,8.77,5,14.0
8.1,7.43,4,12.0
4.69,6.32,5,11.0
0.5,8.11,3,8.0
5.16,8.03,5,13.5
2.57,7.28,5,10.0
3.99,6.13,4,10.0
5.73,7.67,4,14.5
2.31,7.72,4,11.0
1.13,6.01,5,10.0
3.08,6.03,4,10.0
5.44,8.62,2,10.5
6.44,7.66,4,12.5
6.9,5.71,5,17.5
8.73,10.0,5,12.5
0.22,8.85,5,8.0
6.62,6.29,4,14.5
9.4,6.56,4,12.5
7.01,7.81,5,16.5
4.54,6.12,5,12.5
0.75,6.81,5,8.5
7.66,8.83,4,14.0
6.69,6.77,3,13.0
2.86,5.57,4,9.5
2.81,7.0,4,11.5
3.4,6.8,3,10.0
9.59,7.56,4,13.0
2.08,7.36,5,12.5
5.25,7.83,4,11.5
7.54,7.71,5,15.5
7.4,7.54,4,14.5
4.71,8.32,6,13.5
3.05,8.33,2,9.5
3.66,6.56,4,10.5
2.64,6.8,5,12.0
7.48,10.0,4,12.0
1.55,9.98,3,5.5
9.1,8.37,3,11.0
1.01,10.0,2,5.0
7.31,6.41,4,11.0
1.67,4.79,4,7.5
3.97,5.85,5,11.5
0.82,5.62,4,7.5
3.25,7.37,2,9.5
8.81,6.0,3,13.0
2.43,5.86,1,6.5
3.4,5.92,4,9.0
6.12,6.92,2,11.0
8.08,5.68,5,15.5
5.59,4.9,3,9.5
4.52,5.37,4,12.0
1.59,5.65,4,8.5
6.3,7.59,5,16.5
3.37,7.92,5,12.5
1.36,7.69,5,9.0
1.69,8.19,5,9.0
2.29,5.91,5,8.5
9.92,4.77,5,12.5
5.0,7.08,3,11.0
4.65,8.72,3,11.0
2.81,7.4,5,10.5
4.43,7.56,3,12.0
0.88,5.82,4,7.5
2.61,7.84,6,12.5
1.42,7.31,5,9.5
2.37,7.44,3,8.5
2.18,6.62,6,12.5
5.27,8.44,4,12.0
3.31,8.57,5,10.0
9.23,5.84,4,13.0
3.55,7.8,5,12.5
2.64,3.97,3,5.0
5.88,6.41,3,13.0
8.19,6.46,5,18.5
9.71,6.14,4,14.5
8.36,5.93,4,13.5
6.27,6.45,6,19.0
3.14,8.7,5,9.5
6.11,7.72,4,13.5
8.47,7.71,5,18.0
2.12,6.74,5,11.0
8.65,4.83,4,12.5
6.5,7.55,3,11.0
0.96,8.5,3,5.5
7.75,10.0,4,10.0
2.72,5.93,3,8.5
9.63,7.53,5,17.0
6.31,9.05,5,13.0
2.24,6.8,4,9.0
9.29,7.95,5,18.5
4.16,7.29,5,11.5
0.05,5.56,5,8.5
9.71,7.37,4,14.5
5.71,8.72,2,11.0
2.93,7.36,5,12.0
4.88,6.75,3,12.5
6.85,7.22,5,16.5
5.66,6.5,4,13.5
0.01,6.71,4,6.0
6.24,6.89,2,10.5
9.23,6.08,5,16.5
8.39,7.35,5,17.5
0.18,7.03,3,5.5
9.16,5.7,5,16.0
3.84,7.37,3,9.0
1.47,8.21,5,10.0
8.13,4.47,2,10.0
5.47,7.35,6,15.5
9.65,8.75,6,16.5
2.09,7.97,5,9.5
5.8,5.98,5,12.5
4.6,6.27,4,12.5
0.45,8.33,3,6.0
2.52,6.98,5,10.5
4.91,6.39,3,10.5
6.04,3.77,6,10.5
5.14,8.08,5,12.5
7.97,8.44,5,19.0
0.31,6.38,4,6.0
2.81,6.8,5,10.5
2.1,8.67,4,8.5
9.8,7.21,2,11.0
8.17,5.76,2,10.5
5.02,6.65,5,14.0
0.36,7.37,3,6.5
3.78,7.24,5,12.5
7.83,9.02,3,10.5
3.39,5.83,1,7.0
6.85,6.03,4,12.5
1.79,8.0,4,8.5
3.91,7.56,5,13.5
7.54,7.23,4,15.0
3.18,7.45,6,15.0
8.4,5.87,5,15.5
3.9,6.99,4,10.0
0.56,5.98,6,7.5
2.21,6.21,2,6.0
8.05,4.72,4,9.5
6.36,6.16,5,15.5
2.4,7.1,4,9.0
4.24,6.63,3,10.5
3.16,7.32,4,9.5
4.61,6.23,6,13.5
3.98,7.55,3,10.5
3.36,5.77,5,10.0
7.96,6.05,5,17.0
5.7,7.26,2,10.5
1.89,6.42,5,9.0
0.73,9.94,5,7.0
9.62,8.85,4,14.0
7.07,8.92,3,11.5
7.12,6.6,4,11.5
6.98,3.42,3,6.5
4.29,7.66,4,12.0
4.99,6.99,5,15.5
6.22,5.4,3,11.5
6.99,5.86,2,11.0
1.79,8.29,4,9.0
5.25,8.15,4,11.5
0.26,5.21,5,7.0
4.26,8.87,4,10.5
0.39,6.56,4,7.0
3.69,6.97,6,12.0
7.65,6.93,4,13.5
6.54,8.0,2,11.5
6.11,5.91,2,9.5
3.45,5.85,5,11.0
4.66,7.87,4,12.0
2.0,6.6,3,8.5
2.1,8.11,4,9.5
1.66,7.14,5,10.5
2.73,5.85,2,6.5
8.87,8.48,4,13.5
8.44,6.98,3,13.5
9.29,5.59,3,11.0
8.69,7.58,4,13.0
1.01,7.87,6,11.0
7.8,7.19,4,13.0
4.63,8.88,4,12.0
7.41,5.8,4,12.0
8.51,6.13,4,13.5
7.16,9.93,4,12.5
7.13,6.02,4,13.0
8.94,10.0,3,11.0
2.29,6.5,6,11.5
3.25,8.07,4,9.5
9.31,5.6,5,16.0
0.38,4.31,5,6.5
5.0,6.5,4,12.5
9.49,8.77,3,13.5
4.83,5.85,4,11.0
2.27,8.82,3,8.0
9.31,7.47,5,19.0
8.47,6.8,4,13.0
0.9,4.54,3,6.0
9.42,6.34,3,11.5
0.25,8.92,6,8.0
5.39,7.05,3,11.5
4.99,7.85,5,14.0
8.51,8.55,4,14.5
8.41,7.85,4,15.0
6.49,6.46,4,13.5
4.86,7.41,3,11.0
2.38,7.32,5,12.5
3.67,8.53,5,11.5
2.71,7.85,6,12.0
5.64,7.51,4,13.0
4.3,4.36,5,9.0
3.78,6.15,5,11.5
5.07,9.11,6,14.0
1.69,6.51,5,9.5
6.81,5.44,5,14.0
5.57,8.34,2,11.0
5.99,7.07,4,13.5
3.6,6.11,4,11.5
3.21,7.14,2,9.5
5.38,6.29,3,10.0
6.59,9.89,2,9.0
9.64,9.0,4,12.5
7.24,5.84,4,14.0
1.6,7.67,3,7.0
3.72,7.07,4,11.5
5.29,8.99,5,14.5
1.01,7.06,3,7.0
0.07,6.49,5,7.0
1.76,6.31,3,9.0
4.84,8.06,4,11.0
4.91,9.02,6,14.5
5.06,6.85,4,11.0
1.31,5.52,4,9.0
7.29,6.93,6,18.0
5.85,5.65,4,11.5
2.0,5.18,6,9.5
7.09,6.03,2,9.0
8.07,9.35,5,13.0
8.64,6.72,4,14.0
9.0,4.95,2,9.5
7.09,7.59,3,11.0
7.94,8.66,5,14.5
0.46,5.46,4,6.0
7.36,6.83,4,12.5
4.49,6.31,4,12.0
1.66,7.76,4,10.0
4.32,2.6,4,5.5
5.34,8.97,3,10.0
6.6,5.61,5,16.5
1.79,9.63,6,10.5
0.18,5.63,4,7.0
7.31,7.24,5,17.5
9.81,6.97,6,17.5
4.84,7.56,4,11.0
6.92,6.83,5,17.5
5.97,5.87,4,12.0
3.03,8.95,3,9.5
6.31,6.34,4,13.0
6.82,6.93,5,17.0
8.64,6.67,4,13.5
6.93,6.77,4,13.5
4.2,7.58,3,12.0
7.3,6.97,4,13.5
0.16,6.7,4,9.0
3.86,8.91,3,10.0
0.12,8.19,5,7.5
0.81,4.87,2,3.5
3.51,8.31,4,8.5
5.73,6.94,4,12.0
7.9,7.79,5,17.5
7.28,6.63,5,18.5
3.3,7.26,5,12.0
0.99,6.82,5,8.0
3.51,6.84,4,10.5
3.47,5.78,3,9.0
